theme,foreground,foreground_hex,background,background_hex,use
light,ink,#1F2421,paper,#F7F4EE,text
light,ink,#1F2421,paper-raised,#EDE7DC,text
light,ink-muted,#545C57,paper,#F7F4EE,text
light,ink-muted,#545C57,paper-raised,#EDE7DC,text
light,on-tide,#FFFFFF,tide,#1E5F74,text
light,tide,#1E5F74,paper,#F7F4EE,text
light,rust,#C4512B,paper,#F7F4EE,text
light,rust,#C4512B,paper,#F7F4EE,large-text
light,control-edge,#7D857F,paper,#F7F4EE,non-text
light,focus,#1E5F74,paper,#F7F4EE,non-text
dark,ink,#ECE8E0,night,#121614,text
dark,ink,#ECE8E0,night-raised,#1C221F,text
dark,ink-muted,#A9B0AA,night,#121614,text
dark,ink-muted,#A9B0AA,night-raised,#1C221F,text
dark,on-tide,#121614,tide,#7FC4D6,text
dark,tide,#7FC4D6,night,#121614,text
dark,rust,#E8875F,night,#121614,text
dark,control-edge,#6E7771,night,#121614,non-text
dark,focus,#7FC4D6,night,#121614,non-text
